,Model,F1,Recall,Precision,Accuracy
0,tunedDecisionTree,0.5117716477907217,0.44373727633129756,0.6087554639837638,0.8284
